pixel,nu,nu_high,D_x,D_y,area
A,220,370,0.327,0.29,0.074496224
B,270,426,0.297,0.266,0.062088943
C,180,220,0.45,0.3,0.106028752
