pixel,nu,nu_high,D_x,D_y,area
A,150,270,0.24,0.1316,0.024806016
B,180,340,0.2302,0.1316,0.023793103
C,220,410,0.207,0.1316,0.021395188
